Workbook

Sheet Charter
A1: PRJ-03 · Climate Financial Reporting — Financed Emissions Reconciliation
A2: Lakeshore Trust Bank (fictional) · Illustrative sample data, built for portfolio demonstration purposes.
A4: Client | B4: Lakeshore Trust Bank (fictional) — commercial lending portfolio feeding the bank's annual TCFD climate disclosure
A5: Driver | B5: Draft climate report showed financed emissions down 8% YoY, but the underlying loan book grew 12% over the same period — the two numbers didn't reconcile, and Investor Relations was set to publish the 8% figure
A6: Objective | B6: Reconcile loan-level financial data against the PCAF financed-emissions calculation before the figure went to the Board and external TCFD disclosure
A7: Portfolio | B7: 12 commercial loans across 4 asset classes · $84.2M reconciled outstanding balance
A8: My role | B8: Reporting Analyst — financial data reconciliation, PCAF financed-emissions calculation, data quality remediation, TCFD disclosure support
A10: Workbook Map
A11: Sector Emission Factors | B11: As-reported vs. corrected sector intensity factors (tCO2e / $M outstanding)
A12: Loan Book — As Reported | B12: The 10-loan dataset originally used to calculate the draft 8% figure
A13: Loan Book — Reconciled | B13: The corrected 12-loan dataset after data quality review
A14: Emissions Reconciliation | B14: Loan-by-loan comparison: as-reported vs. reconciled financed emissions
A15: Data Quality Log | B15: The 4 defects found, and their $ / tCO2e impact
A16: TCFD Disclosure Summary | B16: Final headline numbers ready for Board and external disclosure

Sheet Sector Emission Factors
A1: Sector Emission Factors (tCO2e / $M outstanding)
A2: Illustrative sample intensity factors. As-Reported column reflects the factor table in use before the data quality review.
A4: Sector | B4: As-Reported Factor | C4: Reconciled Factor | D4: Note
A5: Manufacturing | B5: 130 | C5: 145 | D5: Factor was not updated to the current-year published intensity figure — flagged in Data Quality Log.
A6: Retail | B6: 38 | C6: 38
A7: Real Estate | B7: 52 | C7: 52
A8: Transportation | B8: 168 | C8: 168
A9: Energy (Renewable) | B9: 12 | C9: 12
A10: Energy (Oil & Gas) | B10: 410 | C10: 410
A11: Agriculture | B11: 95 | C11: 95

Sheet Loan Book — As Reported
A1: Loan Book — As Reported (original dataset)
A2: The dataset originally used for the draft climate report. Contains 2 known data defects (see Data Quality Log).
A4: Loan ID | B4: Asset Class | C4: Sector | D4: Outstanding ($M) | E4: Borrower Value ($M) | F4: Flag
A5: L-001 | B5: Business Loans | C5: Manufacturing | D5: 8.2 | E5: 22
A6: L-002 | B6: Business Loans | C6: Retail | D6: 4.5 | E6: 15
A7: L-003 | B7: Commercial Real Estate | C7: Real Estate | D7: 12 | E7: 12
A8: L-004 | B8: Business Loans | C8: Transportation | D8: 6.8 | E8: 19.5 | F8: Stale balance
A9: L-005 | B9: Project Finance | C9: Energy (Renewable) | D9: 15 | E9: 15
A10: L-006 | B10: Mortgages | C10: Real Estate | D10: 3.2 | E10: 3.2
A11: L-007 | B11: Commercial Real Estate | C11: Real Estate | D11: 9.4 | E11: 9.4 | F11: Miscategorized
A12: L-008 | B12: Business Loans | C12: Agriculture | D12: 5.5 | E12: 18
A13: L-009 | B13: Business Loans | C13: Energy (Oil & Gas) | D13: 10.1 | E13: 27
A14: L-010 | B14: Project Finance | C14: Energy (Renewable) | D14: 7 | E14: 7
A15: Total | D15: =SUM(D5:D14) -> 81.7

Sheet Loan Book — Reconciled
A1: Loan Book — Reconciled (corrected dataset)
A2: Corrected for all 4 data quality defects: stale balance fixed, miscategorization corrected, 2 missing loans recovered.
A4: Loan ID | B4: Asset Class | C4: Sector | D4: Outstanding ($M) | E4: Borrower Value ($M) | F4: Correction
A5: L-001 | B5: Business Loans | C5: Manufacturing | D5: 8.2 | E5: 22
A6: L-002 | B6: Business Loans | C6: Retail | D6: 4.5 | E6: 15
A7: L-003 | B7: Commercial Real Estate | C7: Real Estate | D7: 12 | E7: 12
A8: L-004 | B8: Business Loans | C8: Transportation | D8: 5.1 | E8: 19.5 | F8: Balance corrected 6.8 → 5.1 (paydown)
A9: L-005 | B9: Project Finance | C9: Energy (Renewable) | D9: 15 | E9: 15
A10: L-006 | B10: Mortgages | C10: Real Estate | D10: 3.2 | E10: 3.2
A11: L-007 | B11: Business Loans | C11: Manufacturing | D11: 9.4 | E11: 9.4 | F11: Recategorized from Commercial Real Estate
A12: L-008 | B12: Business Loans | C12: Agriculture | D12: 5.5 | E12: 18
A13: L-009 | B13: Business Loans | C13: Energy (Oil & Gas) | D13: 10.1 | E13: 27
A14: L-010 | B14: Project Finance | C14: Energy (Renewable) | D14: 7 | E14: 7
A15: L-011 | B15: Business Loans | C15: Manufacturing | D15: 4 | E15: 11 | F15: Recovered — missing from original export
A16: L-012 | B16: Commercial Real Estate | C16: Real Estate | D16: 6.5 | E16: 6.5 | F16: Recovered — missing from original export
A17: Total | D17: =SUM(D5:D16) -> 90.5

Sheet Emissions Reconciliation
A1: Financed Emissions Reconciliation — Loan by Loan
A2: As-reported vs. reconciled financed emissions per loan (tCO2e). All 12 reconciled loans shown; loans missing from the original export show $0 / 0 tCO2e as-reported.
A4: Loan ID | B4: Sector (Reconciled) | C4: Outstanding As-Reported ($M) | D4: Outstanding Reconciled ($M) | E4: Emission Factor As-Reported | F4: Financed Emissions As-Reported (tCO2e) | G4: Emission Factor Reconciled | H4: Financed Emissions Reconciled (tCO2e) | I4: Variance (tCO2e)
A5: L-001 | B5: Manufacturing | C5: =IFERROR(INDEX('Loan Book — As Reported'!$D$5:$D$14,MATCH(A5,'Loan Book — As Reported'!$A$5:$A$14,0)),0) -> 8.2 | D5: =INDEX('Loan Book — Reconciled'!$D$5:$D$16,MATCH(A5,'Loan Book — Reconciled'!$A$5:$A$16,0)) -> 8.2 | E5: =IFERROR(INDEX('Sector Emission Factors'!$B$5:$B$11,MATCH(IFERROR(INDEX('Loan Book — As Reported'!$C$5:$C$14,MATCH(A5,'Loan Book — As Reported'!$A$5:$A$14,0)),""),'Sector Emission Factors'!$A$5:$A$11,0)),0) -> 130 | F5: =C5*E5 -> 1066 | G5: =INDEX('Sector Emission Factors'!$C$5:$C$11,MATCH(B5,'Sector Emission Factors'!$A$5:$A$11,0)) -> 145 | H5: =D5*G5 -> 1189 | I5: =H5-F5 -> 123
A6: L-002 | B6: Retail | C6: =IFERROR(INDEX('Loan Book — As Reported'!$D$5:$D$14,MATCH(A6,'Loan Book — As Reported'!$A$5:$A$14,0)),0) -> 4.5 | D6: =INDEX('Loan Book — Reconciled'!$D$5:$D$16,MATCH(A6,'Loan Book — Reconciled'!$A$5:$A$16,0)) -> 4.5 | E6: =IFERROR(INDEX('Sector Emission Factors'!$B$5:$B$11,MATCH(IFERROR(INDEX('Loan Book — As Reported'!$C$5:$C$14,MATCH(A6,'Loan Book — As Reported'!$A$5:$A$14,0)),""),'Sector Emission Factors'!$A$5:$A$11,0)),0) -> 38 | F6: =C6*E6 -> 171 | G6: =INDEX('Sector Emission Factors'!$C$5:$C$11,MATCH(B6,'Sector Emission Factors'!$A$5:$A$11,0)) -> 38 | H6: =D6*G6 -> 171 | I6: =H6-F6 -> 0
A7: L-003 | B7: Real Estate | C7: =IFERROR(INDEX('Loan Book — As Reported'!$D$5:$D$14,MATCH(A7,'Loan Book — As Reported'!$A$5:$A$14,0)),0) -> 12 | D7: =INDEX('Loan Book — Reconciled'!$D$5:$D$16,MATCH(A7,'Loan Book — Reconciled'!$A$5:$A$16,0)) -> 12 | E7: =IFERROR(INDEX('Sector Emission Factors'!$B$5:$B$11,MATCH(IFERROR(INDEX('Loan Book — As Reported'!$C$5:$C$14,MATCH(A7,'Loan Book — As Reported'!$A$5:$A$14,0)),""),'Sector Emission Factors'!$A$5:$A$11,0)),0) -> 52 | F7: =C7*E7 -> 624 | G7: =INDEX('Sector Emission Factors'!$C$5:$C$11,MATCH(B7,'Sector Emission Factors'!$A$5:$A$11,0)) -> 52 | H7: =D7*G7 -> 624 | I7: =H7-F7 -> 0
A8: L-004 | B8: Transportation | C8: =IFERROR(INDEX('Loan Book — As Reported'!$D$5:$D$14,MATCH(A8,'Loan Book — As Reported'!$A$5:$A$14,0)),0) -> 6.8 | D8: =INDEX('Loan Book — Reconciled'!$D$5:$D$16,MATCH(A8,'Loan Book — Reconciled'!$A$5:$A$16,0)) -> 5.1 | E8: =IFERROR(INDEX('Sector Emission Factors'!$B$5:$B$11,MATCH(IFERROR(INDEX('Loan Book — As Reported'!$C$5:$C$14,MATCH(A8,'Loan Book — As Reported'!$A$5:$A$14,0)),""),'Sector Emission Factors'!$A$5:$A$11,0)),0) -> 168 | F8: =C8*E8 -> 1142.4 | G8: =INDEX('Sector Emission Factors'!$C$5:$C$11,MATCH(B8,'Sector Emission Factors'!$A$5:$A$11,0)) -> 168 | H8: =D8*G8 -> 856.8 | I8: =H8-F8 -> -285.6
A9: L-005 | B9: Energy (Renewable) | C9: =IFERROR(INDEX('Loan Book — As Reported'!$D$5:$D$14,MATCH(A9,'Loan Book — As Reported'!$A$5:$A$14,0)),0) -> 15 | D9: =INDEX('Loan Book — Reconciled'!$D$5:$D$16,MATCH(A9,'Loan Book — Reconciled'!$A$5:$A$16,0)) -> 15 | E9: =IFERROR(INDEX('Sector Emission Factors'!$B$5:$B$11,MATCH(IFERROR(INDEX('Loan Book — As Reported'!$C$5:$C$14,MATCH(A9,'Loan Book — As Reported'!$A$5:$A$14,0)),""),'Sector Emission Factors'!$A$5:$A$11,0)),0) -> 12 | F9: =C9*E9 -> 180 | G9: =INDEX('Sector Emission Factors'!$C$5:$C$11,MATCH(B9,'Sector Emission Factors'!$A$5:$A$11,0)) -> 12 | H9: =D9*G9 -> 180 | I9: =H9-F9 -> 0
A10: L-006 | B10: Real Estate | C10: =IFERROR(INDEX('Loan Book — As Reported'!$D$5:$D$14,MATCH(A10,'Loan Book — As Reported'!$A$5:$A$14,0)),0) -> 3.2 | D10: =INDEX('Loan Book — Reconciled'!$D$5:$D$16,MATCH(A10,'Loan Book — Reconciled'!$A$5:$A$16,0)) -> 3.2 | E10: =IFERROR(INDEX('Sector Emission Factors'!$B$5:$B$11,MATCH(IFERROR(INDEX('Loan Book — As Reported'!$C$5:$C$14,MATCH(A10,'Loan Book — As Reported'!$A$5:$A$14,0)),""),'Sector Emission Factors'!$A$5:$A$11,0)),0) -> 52 | F10: =C10*E10 -> 166.4 | G10: =INDEX('Sector Emission Factors'!$C$5:$C$11,MATCH(B10,'Sector Emission Factors'!$A$5:$A$11,0)) -> 52 | H10: =D10*G10 -> 166.4 | I10: =H10-F10 -> 0
A11: L-007 | B11: Manufacturing | C11: =IFERROR(INDEX('Loan Book — As Reported'!$D$5:$D$14,MATCH(A11,'Loan Book — As Reported'!$A$5:$A$14,0)),0) -> 9.4 | D11: =INDEX('Loan Book — Reconciled'!$D$5:$D$16,MATCH(A11,'Loan Book — Reconciled'!$A$5:$A$16,0)) -> 9.4 | E11: =IFERROR(INDEX('Sector Emission Factors'!$B$5:$B$11,MATCH(IFERROR(INDEX('Loan Book — As Reported'!$C$5:$C$14,MATCH(A11,'Loan Book — As Reported'!$A$5:$A$14,0)),""),'Sector Emission Factors'!$A$5:$A$11,0)),0) -> 52 | F11: =C11*E11 -> 488.8 | G11: =INDEX('Sector Emission Factors'!$C$5:$C$11,MATCH(B11,'Sector Emission Factors'!$A$5:$A$11,0)) -> 145 | H11: =D11*G11 -> 1363 | I11: =H11-F11 -> 874.2
A12: L-008 | B12: Agriculture | C12: =IFERROR(INDEX('Loan Book — As Reported'!$D$5:$D$14,MATCH(A12,'Loan Book — As Reported'!$A$5:$A$14,0)),0) -> 5.5 | D12: =INDEX('Loan Book — Reconciled'!$D$5:$D$16,MATCH(A12,'Loan Book — Reconciled'!$A$5:$A$16,0)) -> 5.5 | E12: =IFERROR(INDEX('Sector Emission Factors'!$B$5:$B$11,MATCH(IFERROR(INDEX('Loan Book — As Reported'!$C$5:$C$14,MATCH(A12,'Loan Book — As Reported'!$A$5:$A$14,0)),""),'Sector Emission Factors'!$A$5:$A$11,0)),0) -> 95 | F12: =C12*E12 -> 522.5 | G12: =INDEX('Sector Emission Factors'!$C$5:$C$11,MATCH(B12,'Sector Emission Factors'!$A$5:$A$11,0)) -> 95 | H12: =D12*G12 -> 522.5 | I12: =H12-F12 -> 0
A13: L-009 | B13: Energy (Oil & Gas) | C13: =IFERROR(INDEX('Loan Book — As Reported'!$D$5:$D$14,MATCH(A13,'Loan Book — As Reported'!$A$5:$A$14,0)),0) -> 10.1 | D13: =INDEX('Loan Book — Reconciled'!$D$5:$D$16,MATCH(A13,'Loan Book — Reconciled'!$A$5:$A$16,0)) -> 10.1 | E13: =IFERROR(INDEX('Sector Emission Factors'!$B$5:$B$11,MATCH(IFERROR(INDEX('Loan Book — As Reported'!$C$5:$C$14,MATCH(A13,'Loan Book — As Reported'!$A$5:$A$14,0)),""),'Sector Emission Factors'!$A$5:$A$11,0)),0) -> 410 | F13: =C13*E13 -> 4141 | G13: =INDEX('Sector Emission Factors'!$C$5:$C$11,MATCH(B13,'Sector Emission Factors'!$A$5:$A$11,0)) -> 410 | H13: =D13*G13 -> 4141 | I13: =H13-F13 -> 0
A14: L-010 | B14: Energy (Renewable) | C14: =IFERROR(INDEX('Loan Book — As Reported'!$D$5:$D$14,MATCH(A14,'Loan Book — As Reported'!$A$5:$A$14,0)),0) -> 7 | D14: =INDEX('Loan Book — Reconciled'!$D$5:$D$16,MATCH(A14,'Loan Book — Reconciled'!$A$5:$A$16,0)) -> 7 | E14: =IFERROR(INDEX('Sector Emission Factors'!$B$5:$B$11,MATCH(IFERROR(INDEX('Loan Book — As Reported'!$C$5:$C$14,MATCH(A14,'Loan Book — As Reported'!$A$5:$A$14,0)),""),'Sector Emission Factors'!$A$5:$A$11,0)),0) -> 12 | F14: =C14*E14 -> 84 | G14: =INDEX('Sector Emission Factors'!$C$5:$C$11,MATCH(B14,'Sector Emission Factors'!$A$5:$A$11,0)) -> 12 | H14: =D14*G14 -> 84 | I14: =H14-F14 -> 0
A15: L-011 | B15: Manufacturing | C15: =IFERROR(INDEX('Loan Book — As Reported'!$D$5:$D$14,MATCH(A15,'Loan Book — As Reported'!$A$5:$A$14,0)),0) -> 0 | D15: =INDEX('Loan Book — Reconciled'!$D$5:$D$16,MATCH(A15,'Loan Book — Reconciled'!$A$5:$A$16,0)) -> 4 | E15: =IFERROR(INDEX('Sector Emission Factors'!$B$5:$B$11,MATCH(IFERROR(INDEX('Loan Book — As Reported'!$C$5:$C$14,MATCH(A15,'Loan Book — As Reported'!$A$5:$A$14,0)),""),'Sector Emission Factors'!$A$5:$A$11,0)),0) -> 0 | F15: =C15*E15 -> 0 | G15: =INDEX('Sector Emission Factors'!$C$5:$C$11,MATCH(B15,'Sector Emission Factors'!$A$5:$A$11,0)) -> 145 | H15: =D15*G15 -> 580 | I15: =H15-F15 -> 580
A16: L-012 | B16: Real Estate | C16: =IFERROR(INDEX('Loan Book — As Reported'!$D$5:$D$14,MATCH(A16,'Loan Book — As Reported'!$A$5:$A$14,0)),0) -> 0 | D16: =INDEX('Loan Book — Reconciled'!$D$5:$D$16,MATCH(A16,'Loan Book — Reconciled'!$A$5:$A$16,0)) -> 6.5 | E16: =IFERROR(INDEX('Sector Emission Factors'!$B$5:$B$11,MATCH(IFERROR(INDEX('Loan Book — As Reported'!$C$5:$C$14,MATCH(A16,'Loan Book — As Reported'!$A$5:$A$14,0)),""),'Sector Emission Factors'!$A$5:$A$11,0)),0) -> 0 | F16: =C16*E16 -> 0 | G16: =INDEX('Sector Emission Factors'!$C$5:$C$11,MATCH(B16,'Sector Emission Factors'!$A$5:$A$11,0)) -> 52 | H16: =D16*G16 -> 338 | I16: =H16-F16 -> 338
A17: Total | C17: =SUM(C5:C16) -> 81.7 | D17: =SUM(D5:D16) -> 90.5 | F17: =SUM(F5:F16) -> 8586.1 | H17: =SUM(H5:H16) -> 10215.7 | I17: =SUM(I5:I16) -> 1629.6

Sheet Data Quality Log
A1: Data Quality Log
A2: 4 defects found during reconciliation, and the quantified financed-emissions impact of each.
A4: # | B4: Defect | C4: Description | D4: Impact (tCO2e)
A5: D1 | B5: Stale loan balance (L-004) | C5: Outstanding balance used a pre-paydown figure ($6.8M) instead of the current balance ($5.1M) — overstated that loan's financed emissions. | D5: ='Emissions Reconciliation'!F8-'Emissions Reconciliation'!H8 -> 285.6
A6: D2 | B6: Miscategorized loan (L-007) | C6: Coded as Commercial Real Estate, but collateral and loan purpose confirm it is a Manufacturing-sector business loan — the wrong (lower) emission factor was applied. | D6: ='Emissions Reconciliation'!H11-'Emissions Reconciliation'!F11 -> 874.2
A7: D3 | B7: 2 loans missing from export (L-011, L-012) | C7: Both loans were dropped from the original system export and excluded from the draft report entirely — their full financed emissions were unreported. | D7: ='Emissions Reconciliation'!H15+'Emissions Reconciliation'!H16 -> 918
A8: D4 | B8: Stale sector emission factor (Manufacturing) | C8: The Manufacturing intensity factor was not updated to the current-year published figure (130 vs. 145 tCO2e/$M) — understated every Manufacturing-sector loan, including L-001 which had no loan-level defect. | D8: ='Emissions Reconciliation'!H5-'Emissions Reconciliation'!F5 -> 123
A10: Note: D4's impact figure isolates the factor effect on L-001 only (the one Manufacturing loan present, correctly categorized, in the original export). D2 and D3 carry additional Manufacturing-factor impact within their own totals.

Sheet TCFD Four-Pillar Disclosure
A1: TCFD Four-Pillar Climate Disclosure
A2: Structured per the TCFD framework: Governance, Strategy, Risk Management, Metrics & Targets. Illustrative sample content.
A4: 1. Governance
A5: Oversight | B5: The financed-emissions reconciliation described in this workbook was reviewed by the Climate Risk Committee prior to Board and external disclosure. The correction (from a claimed -8.0% to a reconciled +9.5% year-over-year change) was escalated to the Chief Risk Officer given its materiality to the published TCFD figure.
A7: 2. Strategy
A8: Portfolio exposure | B8: Financed emissions are concentrated in a small number of carbon-intensive sectors, which is where transition risk (policy, carbon pricing, stranded-asset exposure) is most concentrated for the lending portfolio. The sector breakdown below informs which relationships carry the highest transition-risk exposure and where engagement or portfolio-mix strategy should focus.
A10: Sector | B10: Reconciled Financed Emissions (tCO2e) | C10: % of Total
A11: Manufacturing | B11: =SUMIFS('Emissions Reconciliation'!$H$5:$H$16,'Emissions Reconciliation'!$B$5:$B$16,A11) -> 3132 | C11: =IFERROR(B11/$B$18,"") -> 0.30658692
A12: Retail | B12: =SUMIFS('Emissions Reconciliation'!$H$5:$H$16,'Emissions Reconciliation'!$B$5:$B$16,A12) -> 171 | C12: =IFERROR(B12/$B$18,"") -> 0.016738941
A13: Real Estate | B13: =SUMIFS('Emissions Reconciliation'!$H$5:$H$16,'Emissions Reconciliation'!$B$5:$B$16,A13) -> 1128.4 | C13: =IFERROR(B13/$B$18,"") -> 0.11045743
A14: Transportation | B14: =SUMIFS('Emissions Reconciliation'!$H$5:$H$16,'Emissions Reconciliation'!$B$5:$B$16,A14) -> 856.8 | C14: =IFERROR(B14/$B$18,"") -> 0.083870905
A15: Energy (Renewable) | B15: =SUMIFS('Emissions Reconciliation'!$H$5:$H$16,'Emissions Reconciliation'!$B$5:$B$16,A15) -> 264 | C15: =IFERROR(B15/$B$18,"") -> 0.025842576
A16: Energy (Oil & Gas) | B16: =SUMIFS('Emissions Reconciliation'!$H$5:$H$16,'Emissions Reconciliation'!$B$5:$B$16,A16) -> 4141 | C16: =IFERROR(B16/$B$18,"") -> 0.40535646
A17: Agriculture | B17: =SUMIFS('Emissions Reconciliation'!$H$5:$H$16,'Emissions Reconciliation'!$B$5:$B$16,A17) -> 522.5 | C17: =IFERROR(B17/$B$18,"") -> 0.051146764
A18: Total | B18: =SUM(B11:B17) -> 10215.7 | C18: =IFERROR(B18/$B$18,"") -> 1
A20: 3. Risk Management
A21: Process gap & fix | B21: The 4 defects in the Data Quality Log were caught through a manual loan-by-loan reconciliation ahead of publication — not by an existing control. Recommended process change: quarterly reconciliation between the lending system export and the financed-emissions calculation, with the Data Quality Log format used in this workbook as the standing template, so future corrections are caught before the draft stage rather than after.
A23: 4. Metrics & Targets
A24: Target trajectory | B24: Financed emissions (Scope 3, Category 15) are the dominant metric for this portfolio. The trajectory below shows the corrected FY2025 figure against the bank's FY2020 baseline and 2030 target — the reconciliation shows the portfolio is currently off-track against that target, information the as-reported (incorrect) figure would have masked.
A26: Year | B26: Financed Emissions (tCO2e) | C26: vs. 2030 Target Path
A27: 2020 (Baseline) | B27: 11000
A28: 2024 (Prior Year) | B28: ='TCFD Disclosure Summary'!B5 -> 9333
A29: 2025 (Reconciled) | B29: ='Emissions Reconciliation'!H17 -> 10215.7
A30: 2030 (Target) | B30: 8000
A31: Required pace to target (2025 point on straight-line path) | B31: =B27-(B27-B30)*(2025-2020)/(2030-2020) -> 9500 | C31: =IFERROR((B29-B31)/B31,"n/a") -> 0.075336842
A32: Positive % = actual is above the required pace — off-track. Negative % = ahead of target.

Sheet TCFD Disclosure Summary
A1: TCFD Disclosure Summary — Financed Emissions
A2: Headline figures as they would appear in the Board pack and external TCFD disclosure.
A4: Metric | B4: Value | C4: Note
A5: Prior Year Financed Emissions (Baseline, tCO2e) | B5: 9333 | C5: Prior year's published disclosure figure — hardcoded input
A6: As-Reported (Draft) Total Financed Emissions (tCO2e) | B6: ='Emissions Reconciliation'!F17 -> 8586.1 | C6: The figure originally headed to the Board before reconciliation
A7: As-Reported YoY Change | B7: =IFERROR((B6-B5)/B5,"n/a") -> -0.080027858 | C7: The claimed “8% decrease” that did not reconcile against loan book growth
A8: Reconciled (Final) Total Financed Emissions (tCO2e) | B8: ='Emissions Reconciliation'!H17 -> 10215.7 | C8: Corrected figure after data quality remediation
A9: Reconciled YoY Change | B9: =IFERROR((B8-B5)/B5,"n/a") -> 0.094578378 | C9: Actual direction of travel — published instead of the flawed draft figure
A10: Correction Impact (Reconciled − As-Reported, tCO2e) | B10: =B8-B6 -> 1629.6 | C10: Total swing caught before external publication
A11: Correction Impact (%) | B11: =IFERROR((B8-B6)/B6,"n/a") -> 0.18979513
A14: Bottom line
A15: The draft report would have told the Board and investors that financed emissions fell 8% — the opposite of what the reconciled loan data shows. Publishing the as-reported figure would have been a materially incorrect climate disclosure.
